algorithm,type_donnees,n,repetition,temps_ms,comparaisons,echanges
Bubble,random,1000,1,1.000,499500,240551
Bubble,random,1000,2,1.000,499500,240551
Bubble,random,1000,3,1.000,499500,240551
Bubble,random,1000,4,2.000,499500,240551
Bubble,random,1000,5,1.000,499500,240551
Selection,random,1000,1,1.000,499500,992
Selection,random,1000,2,3.000,499500,992
Selection,random,1000,3,2.000,499500,992
Selection,random,1000,4,2.000,499500,992
Selection,random,1000,5,2.000,499500,992
Insertion,random,1000,1,1.000,241544,240551
Insertion,random,1000,2,1.000,241544,240551
Insertion,random,1000,3,0.000,241544,240551
Insertion,random,1000,4,0.000,241544,240551
Insertion,random,1000,5,1.000,241544,240551
Shell,random,1000,1,0.000,15079,7574
Shell,random,1000,2,0.000,15079,7574
Shell,random,1000,3,0.000,15079,7574
Shell,random,1000,4,0.000,15079,7574
Shell,random,1000,5,0.000,15079,7574
Merge,random,1000,1,0.000,8703,9976
Merge,random,1000,2,0.000,8703,9976
Merge,random,1000,3,0.000,8703,9976
Merge,random,1000,4,0.000,8703,9976
Merge,random,1000,5,1.000,8703,9976
Quick,random,1000,1,0.000,11492,6756
Quick,random,1000,2,0.000,11492,6756
Quick,random,1000,3,0.000,11492,6756
Quick,random,1000,4,0.000,11492,6756
Quick,random,1000,5,0.000,11492,6756
Bubble,sorted,1000,1,1.000,499500,0
Bubble,sorted,1000,2,1.000,499500,0
Bubble,sorted,1000,3,2.000,499500,0
Bubble,sorted,1000,4,2.000,499500,0
Bubble,sorted,1000,5,1.000,499500,0
Selection,sorted,1000,1,2.000,499500,0
Selection,sorted,1000,2,2.000,499500,0
Selection,sorted,1000,3,2.000,499500,0
Selection,sorted,1000,4,4.000,499500,0
Selection,sorted,1000,5,2.000,499500,0
Insertion,sorted,1000,1,0.000,999,0
Insertion,sorted,1000,2,0.000,999,0
Insertion,sorted,1000,3,0.000,999,0
Insertion,sorted,1000,4,0.000,999,0
Insertion,sorted,1000,5,0.000,999,0
Shell,sorted,1000,1,0.000,8006,0
Shell,sorted,1000,2,0.000,8006,0
Shell,sorted,1000,3,0.000,8006,0
Shell,sorted,1000,4,0.000,8006,0
Shell,sorted,1000,5,0.000,8006,0
Merge,sorted,1000,1,0.000,5044,9976
Merge,sorted,1000,2,0.000,5044,9976
Merge,sorted,1000,3,0.000,5044,9976
Merge,sorted,1000,4,0.000,5044,9976
Merge,sorted,1000,5,0.000,5044,9976
Quick,sorted,1000,1,0.000,9375,4422
Quick,sorted,1000,2,0.000,9375,4422
Quick,sorted,1000,3,0.000,9375,4422
Quick,sorted,1000,4,0.000,9375,4422
Quick,sorted,1000,5,0.000,9375,4422
Bubble,reverse,1000,1,2.000,499500,499500
Bubble,reverse,1000,2,1.000,499500,499500
Bubble,reverse,1000,3,2.000,499500,499500
Bubble,reverse,1000,4,1.000,499500,499500
Bubble,reverse,1000,5,4.000,499500,499500
Selection,reverse,1000,1,2.000,499500,500
Selection,reverse,1000,2,2.000,499500,500
Selection,reverse,1000,3,2.000,499500,500
Selection,reverse,1000,4,2.000,499500,500
Selection,reverse,1000,5,2.000,499500,500
Insertion,reverse,1000,1,1.000,499500,499500
Insertion,reverse,1000,2,3.000,499500,499500
Insertion,reverse,1000,3,1.000,499500,499500
Insertion,reverse,1000,4,2.000,499500,499500
Insertion,reverse,1000,5,2.000,499500,499500
Shell,reverse,1000,1,0.000,11716,4700
Shell,reverse,1000,2,0.000,11716,4700
Shell,reverse,1000,3,0.000,11716,4700
Shell,reverse,1000,4,0.000,11716,4700
Shell,reverse,1000,5,0.000,11716,4700
Merge,reverse,1000,1,0.000,4932,9976
Merge,reverse,1000,2,1.000,4932,9976
Merge,reverse,1000,3,0.000,4932,9976
Merge,reverse,1000,4,0.000,4932,9976
Merge,reverse,1000,5,0.000,4932,9976
Quick,reverse,1000,1,0.000,9279,4360
Quick,reverse,1000,2,0.000,9279,4360
Quick,reverse,1000,3,0.000,9279,4360
Quick,reverse,1000,4,0.000,9279,4360
Quick,reverse,1000,5,0.000,9279,4360
Bubble,duplicates,1000,1,1.000,499500,222750
Bubble,duplicates,1000,2,1.000,499500,222750
Bubble,duplicates,1000,3,2.000,499500,222750
Bubble,duplicates,1000,4,1.000,499500,222750
Bubble,duplicates,1000,5,3.000,499500,222750
Selection,duplicates,1000,1,2.000,499500,892
Selection,duplicates,1000,2,1.000,499500,892
Selection,duplicates,1000,3,1.000,499500,892
Selection,duplicates,1000,4,2.000,499500,892
Selection,duplicates,1000,5,2.000,499500,892
Insertion,duplicates,1000,1,0.000,223749,222750
Insertion,duplicates,1000,2,1.000,223749,222750
Insertion,duplicates,1000,3,1.000,223749,222750
Insertion,duplicates,1000,4,1.000,223749,222750
Insertion,duplicates,1000,5,1.000,223749,222750
Shell,duplicates,1000,1,0.000,10982,3228
Shell,duplicates,1000,2,1.000,10982,3228
Shell,duplicates,1000,3,0.000,10982,3228
Shell,duplicates,1000,4,0.000,10982,3228
Shell,duplicates,1000,5,0.000,10982,3228
Merge,duplicates,1000,1,0.000,7115,9976
Merge,duplicates,1000,2,0.000,7115,9976
Merge,duplicates,1000,3,1.000,7115,9976
Merge,duplicates,1000,4,0.000,7115,9976
Merge,duplicates,1000,5,0.000,7115,9976
Quick,duplicates,1000,1,0.000,50500,44550
Quick,duplicates,1000,2,1.000,50500,44550
Quick,duplicates,1000,3,0.000,50500,44550
Quick,duplicates,1000,4,0.000,50500,44550
Quick,duplicates,1000,5,0.000,50500,44550
Bubble,random,10000,1,206.000,49995000,24925387
Bubble,random,10000,2,211.000,49995000,24925387
Bubble,random,10000,3,186.000,49995000,24925387
Bubble,random,10000,4,178.000,49995000,24925387
Bubble,random,10000,5,179.000,49995000,24925387
Selection,random,10000,1,186.000,49995000,9988
Selection,random,10000,2,197.000,49995000,9988
Selection,random,10000,3,184.000,49995000,9988
Selection,random,10000,4,180.000,49995000,9988
Selection,random,10000,5,185.000,49995000,9988
Insertion,random,10000,1,72.000,24935379,24925387
Insertion,random,10000,2,75.000,24935379,24925387
Insertion,random,10000,3,74.000,24935379,24925387
Insertion,random,10000,4,78.000,24935379,24925387
Insertion,random,10000,5,77.000,24935379,24925387
Shell,random,10000,1,1.000,263732,148827
Shell,random,10000,2,3.000,263732,148827
Shell,random,10000,3,2.000,263732,148827
Shell,random,10000,4,1.000,263732,148827
Shell,random,10000,5,2.000,263732,148827
Merge,random,10000,1,1.000,120485,133616
Merge,random,10000,2,2.000,120485,133616
Merge,random,10000,3,1.000,120485,133616
Merge,random,10000,4,1.000,120485,133616
Merge,random,10000,5,1.000,120485,133616
Quick,random,10000,1,1.000,156669,99905
Quick,random,10000,2,1.000,156669,99905
Quick,random,10000,3,1.000,156669,99905
Quick,random,10000,4,1.000,156669,99905
Quick,random,10000,5,1.000,156669,99905
Bubble,sorted,10000,1,144.000,49995000,0
Bubble,sorted,10000,2,140.000,49995000,0
Bubble,sorted,10000,3,139.000,49995000,0
Bubble,sorted,10000,4,136.000,49995000,0
Bubble,sorted,10000,5,137.000,49995000,0
Selection,sorted,10000,1,192.000,49995000,0
Selection,sorted,10000,2,193.000,49995000,0
Selection,sorted,10000,3,178.000,49995000,0
Selection,sorted,10000,4,175.000,49995000,0
Selection,sorted,10000,5,180.000,49995000,0
Insertion,sorted,10000,1,0.000,9999,0
Insertion,sorted,10000,2,0.000,9999,0
Insertion,sorted,10000,3,1.000,9999,0
Insertion,sorted,10000,4,0.000,9999,0
Insertion,sorted,10000,5,0.000,9999,0
Shell,sorted,10000,1,1.000,120005,0
Shell,sorted,10000,2,0.000,120005,0
Shell,sorted,10000,3,0.000,120005,0
Shell,sorted,10000,4,0.000,120005,0
Shell,sorted,10000,5,1.000,120005,0
Merge,sorted,10000,1,1.000,69008,133616
Merge,sorted,10000,2,0.000,69008,133616
Merge,sorted,10000,3,0.000,69008,133616
Merge,sorted,10000,4,0.000,69008,133616
Merge,sorted,10000,5,1.000,69008,133616
Quick,sorted,10000,1,1.000,129123,61908
Quick,sorted,10000,2,1.000,129123,61908
Quick,sorted,10000,3,0.000,129123,61908
Quick,sorted,10000,4,1.000,129123,61908
Quick,sorted,10000,5,0.000,129123,61908
Bubble,reverse,10000,1,139.000,49995000,49995000
Bubble,reverse,10000,2,134.000,49995000,49995000
Bubble,reverse,10000,3,136.000,49995000,49995000
Bubble,reverse,10000,4,129.000,49995000,49995000
Bubble,reverse,10000,5,128.000,49995000,49995000
Selection,reverse,10000,1,177.000,49995000,5000
Selection,reverse,10000,2,176.000,49995000,5000
Selection,reverse,10000,3,181.000,49995000,5000
Selection,reverse,10000,4,184.000,49995000,5000
Selection,reverse,10000,5,213.000,49995000,5000
Insertion,reverse,10000,1,159.000,49995000,49995000
Insertion,reverse,10000,2,139.000,49995000,49995000
Insertion,reverse,10000,3,139.000,49995000,49995000
Insertion,reverse,10000,4,134.000,49995000,49995000
Insertion,reverse,10000,5,138.000,49995000,49995000
Shell,reverse,10000,1,1.000,172578,62560
Shell,reverse,10000,2,0.000,172578,62560
Shell,reverse,10000,3,0.000,172578,62560
Shell,reverse,10000,4,1.000,172578,62560
Shell,reverse,10000,5,1.000,172578,62560
Merge,reverse,10000,1,0.000,64608,133616
Merge,reverse,10000,2,0.000,64608,133616
Merge,reverse,10000,3,0.000,64608,133616
Merge,reverse,10000,4,1.000,64608,133616
Merge,reverse,10000,5,1.000,64608,133616
Quick,reverse,10000,1,1.000,128356,61496
Quick,reverse,10000,2,0.000,128356,61496
Quick,reverse,10000,3,1.000,128356,61496
Quick,reverse,10000,4,0.000,128356,61496
Quick,reverse,10000,5,1.000,128356,61496
Bubble,duplicates,10000,1,127.000,49995000,24502500
Bubble,duplicates,10000,2,128.000,49995000,24502500
Bubble,duplicates,10000,3,126.000,49995000,24502500
Bubble,duplicates,10000,4,126.000,49995000,24502500
Bubble,duplicates,10000,5,126.000,49995000,24502500
Selection,duplicates,10000,1,185.000,49995000,4950
Selection,duplicates,10000,2,188.000,49995000,4950
Selection,duplicates,10000,3,180.000,49995000,4950
Selection,duplicates,10000,4,178.000,49995000,4950
Selection,duplicates,10000,5,182.000,49995000,4950
Insertion,duplicates,10000,1,71.000,24512499,24502500
Insertion,duplicates,10000,2,70.000,24512499,24502500
Insertion,duplicates,10000,3,70.000,24512499,24502500
Insertion,duplicates,10000,4,68.000,24512499,24502500
Insertion,duplicates,10000,5,72.000,24512499,24502500
Shell,duplicates,10000,1,1.000,176940,58864
Shell,duplicates,10000,2,0.000,176940,58864
Shell,duplicates,10000,3,0.000,176940,58864
Shell,duplicates,10000,4,0.000,176940,58864
Shell,duplicates,10000,5,1.000,176940,58864
Merge,duplicates,10000,1,0.000,106692,133616
Merge,duplicates,10000,2,0.000,106692,133616
Merge,duplicates,10000,3,1.000,106692,133616
Merge,duplicates,10000,4,1.000,106692,133616
Merge,duplicates,10000,5,1.000,106692,133616
Quick,duplicates,10000,1,1.000,505000,490050
Quick,duplicates,10000,2,1.000,505000,490050
Quick,duplicates,10000,3,1.000,505000,490050
Quick,duplicates,10000,4,2.000,505000,490050
Quick,duplicates,10000,5,1.000,505000,490050
Shell,random,100000,1,20.000,4207626,2758113
Shell,random,100000,2,21.000,4207626,2758113
Shell,random,100000,3,23.000,4207626,2758113
Shell,random,100000,4,23.000,4207626,2758113
Shell,random,100000,5,22.000,4207626,2758113
Merge,random,100000,1,15.000,1536387,1668928
Merge,random,100000,2,18.000,1536387,1668928
Merge,random,100000,3,15.000,1536387,1668928
Merge,random,100000,4,15.000,1536387,1668928
Merge,random,100000,5,15.000,1536387,1668928
Shell,sorted,100000,1,4.000,1500006,0
Shell,sorted,100000,2,4.000,1500006,0
Shell,sorted,100000,3,6.000,1500006,0
Shell,sorted,100000,4,4.000,1500006,0
Shell,sorted,100000,5,5.000,1500006,0
Merge,sorted,100000,1,10.000,853904,1668928
Merge,sorted,100000,2,7.000,853904,1668928
Merge,sorted,100000,3,9.000,853904,1668928
Merge,sorted,100000,4,6.000,853904,1668928
Merge,sorted,100000,5,9.000,853904,1668928
Shell,reverse,100000,1,8.000,2244585,844560
Shell,reverse,100000,2,10.000,2244585,844560
Shell,reverse,100000,3,6.000,2244585,844560
Shell,reverse,100000,4,7.000,2244585,844560
Shell,reverse,100000,5,5.000,2244585,844560
Merge,reverse,100000,1,10.000,815024,1668928
Merge,reverse,100000,2,6.000,815024,1668928
Merge,reverse,100000,3,10.000,815024,1668928
Merge,reverse,100000,4,7.000,815024,1668928
Merge,reverse,100000,5,9.000,815024,1668928
Shell,duplicates,100000,1,7.000,2510339,1023440
Shell,duplicates,100000,2,10.000,2510339,1023440
Shell,duplicates,100000,3,9.000,2510339,1023440
Shell,duplicates,100000,4,8.000,2510339,1023440
Shell,duplicates,100000,5,7.000,2510339,1023440
Merge,duplicates,100000,1,11.000,1392572,1668928
Merge,duplicates,100000,2,10.000,1392572,1668928
Merge,duplicates,100000,3,8.000,1392572,1668928
Merge,duplicates,100000,4,9.000,1392572,1668928
Merge,duplicates,100000,5,9.000,1392572,1668928
Shell,random,1000000,1,278.000,65903901,48406027
Shell,random,1000000,2,265.000,65903901,48406027
Shell,random,1000000,3,282.000,65903901,48406027
Shell,random,1000000,4,262.000,65903901,48406027
Shell,random,1000000,5,267.000,65903901,48406027
Merge,random,1000000,1,169.000,18672886,19951424
Merge,random,1000000,2,177.000,18672886,19951424
Merge,random,1000000,3,168.000,18672886,19951424
Merge,random,1000000,4,204.000,18672886,19951424
Merge,random,1000000,5,206.000,18672886,19951424
Shell,sorted,1000000,1,55.000,18000007,0
Shell,sorted,1000000,2,54.000,18000007,0
Shell,sorted,1000000,3,51.000,18000007,0
Shell,sorted,1000000,4,53.000,18000007,0
Shell,sorted,1000000,5,54.000,18000007,0
Merge,sorted,1000000,1,94.000,10066432,19951424
Merge,sorted,1000000,2,103.000,10066432,19951424
Merge,sorted,1000000,3,93.000,10066432,19951424
Merge,sorted,1000000,4,87.000,10066432,19951424
Merge,sorted,1000000,5,91.000,10066432,19951424
Shell,reverse,1000000,1,77.000,26357530,9357504
Shell,reverse,1000000,2,81.000,26357530,9357504
Shell,reverse,1000000,3,78.000,26357530,9357504
Shell,reverse,1000000,4,74.000,26357530,9357504
Shell,reverse,1000000,5,75.000,26357530,9357504
Merge,reverse,1000000,1,90.000,9884992,19951424
Merge,reverse,1000000,2,91.000,9884992,19951424
Merge,reverse,1000000,3,93.000,9884992,19951424
Merge,reverse,1000000,4,92.000,9884992,19951424
Merge,reverse,1000000,5,90.000,9884992,19951424
Shell,duplicates,1000000,1,99.000,35332381,17404512
Shell,duplicates,1000000,2,95.000,35332381,17404512
Shell,duplicates,1000000,3,103.000,35332381,17404512
Shell,duplicates,1000000,4,100.000,35332381,17404512
Shell,duplicates,1000000,5,99.000,35332381,17404512
Merge,duplicates,1000000,1,104.000,17126000,19951424
Merge,duplicates,1000000,2,106.000,17126000,19951424
Merge,duplicates,1000000,3,107.000,17126000,19951424
Merge,duplicates,1000000,4,107.000,17126000,19951424
Merge,duplicates,1000000,5,109.000,17126000,19951424
Shell,random,5000000,1,1673.000,441409525,338921446
Shell,random,5000000,2,1753.000,441409525,338921446
Shell,random,5000000,3,1660.000,441409525,338921446
Shell,random,5000000,4,1678.000,441409525,338921446
Shell,random,5000000,5,1764.000,441409525,338921446
Merge,random,5000000,1,911.000,105049070,111611392
Merge,random,5000000,2,967.000,105049070,111611392
Merge,random,5000000,3,947.000,105049070,111611392
Merge,random,5000000,4,928.000,105049070,111611392
Merge,random,5000000,5,1010.000,105049070,111611392
Shell,sorted,5000000,1,290.000,105000008,0
Shell,sorted,5000000,2,272.000,105000008,0
Shell,sorted,5000000,3,288.000,105000008,0
Shell,sorted,5000000,4,277.000,105000008,0
Shell,sorted,5000000,5,275.000,105000008,0
Merge,sorted,5000000,1,466.000,56894080,111611392
Merge,sorted,5000000,2,466.000,56894080,111611392
Merge,sorted,5000000,3,461.000,56894080,111611392
Merge,sorted,5000000,4,473.000,56894080,111611392
Merge,sorted,5000000,5,455.000,56894080,111611392
Shell,reverse,5000000,1,397.000,151313131,51313088
Shell,reverse,5000000,2,501.000,151313131,51313088
Shell,reverse,5000000,3,409.000,151313131,51313088
Shell,reverse,5000000,4,389.000,151313131,51313088
Shell,reverse,5000000,5,394.000,151313131,51313088
Merge,reverse,5000000,1,470.000,54717312,111611392
Merge,reverse,5000000,2,471.000,54717312,111611392
Merge,reverse,5000000,3,472.000,54717312,111611392
Merge,reverse,5000000,4,471.000,54717312,111611392
Merge,reverse,5000000,5,480.000,54717312,111611392
Shell,duplicates,5000000,1,595.000,191231144,86592024
Shell,duplicates,5000000,2,572.000,191231144,86592024
Shell,duplicates,5000000,3,692.000,191231144,86592024
Shell,duplicates,5000000,4,572.000,191231144,86592024
Shell,duplicates,5000000,5,586.000,191231144,86592024
Merge,duplicates,5000000,1,547.000,97937792,111611392
Merge,duplicates,5000000,2,564.000,97937792,111611392
Merge,duplicates,5000000,3,575.000,97937792,111611392
Merge,duplicates,5000000,4,552.000,97937792,111611392
Merge,duplicates,5000000,5,555.000,97937792,111611392
Shell,random,10000000,1,4164.000,1051817271,836828067
Shell,random,10000000,2,3959.000,1051817271,836828067
Shell,random,10000000,3,4012.000,1051817271,836828067
Shell,random,10000000,4,3882.000,1051817271,836828067
Shell,random,10000000,5,4034.000,1051817271,836828067
Merge,random,10000000,1,1988.000,220100556,233222784
Merge,random,10000000,2,1905.000,220100556,233222784
Merge,random,10000000,3,1887.000,220100556,233222784
Merge,random,10000000,4,1989.000,220100556,233222784
Merge,random,10000000,5,1895.000,220100556,233222784
Shell,sorted,10000000,1,598.000,220000008,0
Shell,sorted,10000000,2,673.000,220000008,0
Shell,sorted,10000000,3,798.000,220000008,0
Shell,sorted,10000000,4,606.000,220000008,0
Shell,sorted,10000000,5,604.000,220000008,0
Merge,sorted,10000000,1,985.000,118788160,233222784
Merge,sorted,10000000,2,986.000,118788160,233222784
Merge,sorted,10000000,3,990.000,118788160,233222784
Merge,sorted,10000000,4,1068.000,118788160,233222784
Merge,sorted,10000000,5,990.000,118788160,233222784
Shell,reverse,10000000,1,847.000,317626219,107626176
Shell,reverse,10000000,2,821.000,317626219,107626176
Shell,reverse,10000000,3,819.000,317626219,107626176
Shell,reverse,10000000,4,832.000,317626219,107626176
Shell,reverse,10000000,5,955.000,317626219,107626176
Merge,reverse,10000000,1,983.000,114434624,233222784
Merge,reverse,10000000,2,999.000,114434624,233222784
Merge,reverse,10000000,3,1011.000,114434624,233222784
Merge,reverse,10000000,4,1000.000,114434624,233222784
Merge,reverse,10000000,5,1099.000,114434624,233222784
Shell,duplicates,10000000,1,2117.000,547866144,328227024
Shell,duplicates,10000000,2,2105.000,547866144,328227024
Shell,duplicates,10000000,3,2235.000,547866144,328227024
Shell,duplicates,10000000,4,2093.000,547866144,328227024
Shell,duplicates,10000000,5,2241.000,547866144,328227024
Merge,duplicates,10000000,1,1159.000,205825584,233222784
Merge,duplicates,10000000,2,1149.000,205825584,233222784
Merge,duplicates,10000000,3,1202.000,205825584,233222784
Merge,duplicates,10000000,4,1258.000,205825584,233222784
Merge,duplicates,10000000,5,1162.000,205825584,233222784
