algorithme,type_donnees,n,moyenne_ms,ecart_type_ms
Bubble,random,1000,0.827,0.073
Selection,random,1000,1.886,0.010
Insertion,random,1000,0.522,0.171
Shell,random,1000,0.126,0.024
Merge,random,1000,0.121,0.020
Quick,random,1000,0.097,0.011
Bubble,sorted,1000,0.642,0.101
Selection,sorted,1000,1.886,0.046
Insertion,sorted,1000,0.002,0.001
Shell,sorted,1000,0.016,0.005
Merge,sorted,1000,0.051,0.023
Quick,sorted,1000,0.039,0.011
Bubble,reverse,1000,0.882,0.139
Selection,reverse,1000,2.016,0.120
Insertion,reverse,1000,1.619,0.612
Shell,reverse,1000,0.035,0.011
Merge,reverse,1000,0.036,0.001
Quick,reverse,1000,0.038,0.009
Bubble,duplicates,1000,0.748,0.017
Selection,duplicates,1000,1.904,0.035
Insertion,duplicates,1000,0.438,0.137
Shell,duplicates,1000,0.030,0.001
Merge,duplicates,1000,0.103,0.135
Quick,duplicates,1000,0.107,0.018
Bubble,random,10000,81.330,12.937
Selection,random,10000,196.152,4.103
Insertion,random,10000,55.392,13.580
Shell,random,10000,1.926,0.358
Merge,random,10000,1.320,0.132
Quick,random,10000,1.167,0.066
Bubble,sorted,10000,57.781,2.990
Selection,sorted,10000,194.590,4.168
Insertion,sorted,10000,0.026,0.002
Shell,sorted,10000,0.249,0.055
Merge,sorted,10000,0.656,0.166
Quick,sorted,10000,0.421,0.055
Bubble,reverse,10000,80.309,7.150
Selection,reverse,10000,196.080,6.303
Insertion,reverse,10000,91.419,7.286
Shell,reverse,10000,0.448,0.129
Merge,reverse,10000,0.599,0.194
Quick,reverse,10000,0.465,0.106
Bubble,duplicates,10000,78.801,2.135
Selection,duplicates,10000,194.213,2.043
Insertion,duplicates,10000,47.396,5.143
Shell,duplicates,10000,0.506,0.112
Merge,duplicates,10000,0.609,0.163
Quick,duplicates,10000,1.187,0.133
Shell,random,100000,25.082,0.683
Merge,random,100000,15.355,0.182
Quick,random,100000,13.958,0.398
Shell,sorted,100000,2.923,0.639
Merge,sorted,100000,6.207,0.912
Quick,sorted,100000,4.551,0.521
Shell,reverse,100000,5.908,0.749
Merge,reverse,100000,5.047,0.552
Quick,reverse,100000,4.854,0.782
Shell,duplicates,100000,8.058,1.317
Merge,duplicates,100000,6.065,0.940
Quick,duplicates,100000,10.343,1.265
Shell,random,1000000,363.270,9.669
Merge,random,1000000,196.289,20.425
Quick,random,1000000,170.631,13.687
Shell,sorted,1000000,32.770,2.007
Merge,sorted,1000000,61.213,3.778
Quick,sorted,1000000,56.166,1.982
Shell,reverse,1000000,63.765,7.087
Merge,reverse,1000000,61.448,3.950
Quick,reverse,1000000,57.176,7.493
Shell,duplicates,1000000,94.767,1.933
Merge,duplicates,1000000,68.068,6.613
Quick,duplicates,1000000,99.726,5.255
Shell,random,5000000,2310.216,36.588
Merge,random,5000000,1036.159,12.437
Quick,random,5000000,799.167,5.745
Shell,sorted,5000000,187.207,9.741
Merge,sorted,5000000,336.965,27.132
Quick,sorted,5000000,274.858,4.151
Shell,reverse,5000000,351.275,25.093
Merge,reverse,5000000,307.568,8.170
Quick,reverse,5000000,280.552,6.252
Shell,duplicates,5000000,527.814,33.236
Merge,duplicates,5000000,344.977,5.255
Quick,duplicates,5000000,492.401,16.699
Shell,random,10000000,5193.960,96.171
Merge,random,10000000,2117.737,14.636
Quick,random,10000000,1564.200,12.111
Shell,sorted,10000000,394.568,12.405
Merge,sorted,10000000,725.761,58.509
Quick,sorted,10000000,593.593,25.516
Shell,reverse,10000000,722.901,19.885
Merge,reverse,10000000,668.103,10.231
Quick,reverse,10000000,608.848,27.989
Shell,duplicates,10000000,1855.270,54.728
Merge,duplicates,10000000,735.730,18.916
Quick,duplicates,10000000,1019.676,16.959
